text,topic,source,timestamp
We propose a hybrid neural network model that integrates LSTM and Transformer blocks to improve long-range language modeling performance on academic corpora.,AI,model_inference,2025-04-04 13:09:42
"This study explores the effects of climate change on marine biodiversity, with a focus on coral bleaching events in the Pacific Ocean.",Environment,model_inference,2025-04-04 13:09:42
"Our experiment applies CRISPR-Cas9 to engineer drought-resistant rice strains, analyzing yield improvement under controlled environmental conditions.",Biotech,model_inference,2025-04-04 13:09:42
This paper presents a blockchain-based framework to enhance data security in supply chain logistics across international borders.,General Research,model_inference,2025-04-04 13:09:42
A novel unsupervised clustering technique is introduced to detect financial fraud using transactional metadata and temporal behavior features.,General Research,model_inference,2025-04-04 13:09:42
We investigate the relationship between adolescent mental health and social media usage using a longitudinal survey across three countries.,General Research,model_inference,2025-04-04 13:09:42
This research introduces an AI-powered diagnostic assistant for early detection of Alzheimer's disease using speech analysis and memory tests.,General Research,model_inference,2025-04-04 13:09:42
The paper studies energy-efficient routing protocols in wireless sensor networks deployed in smart agricultural systems.,General Research,model_inference,2025-04-04 13:09:42
We analyze the ethical implications of deepfake technology in political campaigns and propose a regulatory framework for digital authenticity.,General Research,model_inference,2025-04-04 13:09:42
A comparative analysis of machine learning models for predicting stock price volatility based on macroeconomic indicators is conducted.,AI,model_inference,2025-04-04 13:09:42
We propose a hybrid neural network model that integrates LSTM and Transformer blocks to improve long-range language modeling performance on academic corpora.,AI,redis_cache,2025-04-04 13:10:25
"This study explores the effects of climate change on marine biodiversity, with a focus on coral bleaching events in the Pacific Ocean.",Environment,redis_cache,2025-04-04 13:10:25
"Our experiment applies CRISPR-Cas9 to engineer drought-resistant rice strains, analyzing yield improvement under controlled environmental conditions.",Biotech,redis_cache,2025-04-04 13:10:25
This paper presents a blockchain-based framework to enhance data security in supply chain logistics across international borders.,General Research,redis_cache,2025-04-04 13:10:25
A novel unsupervised clustering technique is introduced to detect financial fraud using transactional metadata and temporal behavior features.,General Research,redis_cache,2025-04-04 13:10:25
We investigate the relationship between adolescent mental health and social media usage using a longitudinal survey across three countries.,General Research,redis_cache,2025-04-04 13:10:25
This research introduces an AI-powered diagnostic assistant for early detection of Alzheimer's disease using speech analysis and memory tests.,General Research,redis_cache,2025-04-04 13:10:25
The paper studies energy-efficient routing protocols in wireless sensor networks deployed in smart agricultural systems.,General Research,redis_cache,2025-04-04 13:10:25
We analyze the ethical implications of deepfake technology in political campaigns and propose a regulatory framework for digital authenticity.,General Research,redis_cache,2025-04-04 13:10:25
A comparative analysis of machine learning models for predicting stock price volatility based on macroeconomic indicators is conducted.,AI,redis_cache,2025-04-04 13:10:25
We propose a hybrid neural network model that integrates LSTM and Transformer blocks to improve long-range language modeling performance on academic corpora.,Healthcare,0.99,model_inference,2025-04-04 13:47:29
"This study explores the effects of climate change on marine biodiversity, with a focus on coral bleaching events in the Pacific Ocean.",Blockchain,0.92,model_inference,2025-04-04 13:47:29
"Our experiment applies CRISPR-Cas9 to engineer drought-resistant rice strains, analyzing yield improvement under controlled environmental conditions.",Healthcare,0.77,model_inference,2025-04-04 13:47:29
This paper presents a blockchain-based framework to enhance data security in supply chain logistics across international borders.,Energy,0.98,model_inference,2025-04-04 13:47:29
A novel unsupervised clustering technique is introduced to detect financial fraud using transactional metadata and temporal behavior features.,Education,0.82,model_inference,2025-04-04 13:47:29
We investigate the relationship between adolescent mental health and social media usage using a longitudinal survey across three countries.,Energy,0.89,model_inference,2025-04-04 13:47:29
This research introduces an AI-powered diagnostic assistant for early detection of Alzheimer's disease using speech analysis and memory tests.,Finance,0.91,model_inference,2025-04-04 13:47:29
The paper studies energy-efficient routing protocols in wireless sensor networks deployed in smart agricultural systems.,Energy,0.73,model_inference,2025-04-04 13:47:29
We analyze the ethical implications of deepfake technology in political campaigns and propose a regulatory framework for digital authenticity.,Robotics,0.94,model_inference,2025-04-04 13:47:29
A comparative analysis of machine learning models for predicting stock price volatility based on macroeconomic indicators is conducted.,Finance,0.92,model_inference,2025-04-04 13:47:29
We propose a hybrid neural network model that integrates LSTM and Transformer blocks to improve long-range language modeling performance on academic corpora.,Healthcare,0.99,redis_cache,2025-04-04 13:54:09
"This study explores the effects of climate change on marine biodiversity, with a focus on coral bleaching events in the Pacific Ocean.",Blockchain,0.92,redis_cache,2025-04-04 13:54:09
"Our experiment applies CRISPR-Cas9 to engineer drought-resistant rice strains, analyzing yield improvement under controlled environmental conditions.",Healthcare,0.77,redis_cache,2025-04-04 13:54:09
This paper presents a blockchain-based framework to enhance data security in supply chain logistics across international borders.,Energy,0.98,redis_cache,2025-04-04 13:54:09
A novel unsupervised clustering technique is introduced to detect financial fraud using transactional metadata and temporal behavior features.,Education,0.82,redis_cache,2025-04-04 13:54:09
We investigate the relationship between adolescent mental health and social media usage using a longitudinal survey across three countries.,Energy,0.89,redis_cache,2025-04-04 13:54:09
This research introduces an AI-powered diagnostic assistant for early detection of Alzheimer's disease using speech analysis and memory tests.,Finance,0.91,redis_cache,2025-04-04 13:54:09
The paper studies energy-efficient routing protocols in wireless sensor networks deployed in smart agricultural systems.,Energy,0.73,redis_cache,2025-04-04 13:54:09
We analyze the ethical implications of deepfake technology in political campaigns and propose a regulatory framework for digital authenticity.,Robotics,0.94,redis_cache,2025-04-04 13:54:09
A comparative analysis of machine learning models for predicting stock price volatility based on macroeconomic indicators is conducted.,Finance,0.92,redis_cache,2025-04-04 13:54:09
We propose a hybrid neural network model that integrates LSTM and Transformer blocks to improve long-range language modeling performance on academic corpora.,Healthcare,0.99,redis_cache,2025-04-04 13:54:24
"This study explores the effects of climate change on marine biodiversity, with a focus on coral bleaching events in the Pacific Ocean.",Blockchain,0.92,redis_cache,2025-04-04 13:54:24
"Our experiment applies CRISPR-Cas9 to engineer drought-resistant rice strains, analyzing yield improvement under controlled environmental conditions.",Healthcare,0.77,redis_cache,2025-04-04 13:54:24
This paper presents a blockchain-based framework to enhance data security in supply chain logistics across international borders.,Energy,0.98,redis_cache,2025-04-04 13:54:24
A novel unsupervised clustering technique is introduced to detect financial fraud using transactional metadata and temporal behavior features.,Education,0.82,redis_cache,2025-04-04 13:54:24
We investigate the relationship between adolescent mental health and social media usage using a longitudinal survey across three countries.,Energy,0.89,redis_cache,2025-04-04 13:54:24
This research introduces an AI-powered diagnostic assistant for early detection of Alzheimer's disease using speech analysis and memory tests.,Finance,0.91,redis_cache,2025-04-04 13:54:24
The paper studies energy-efficient routing protocols in wireless sensor networks deployed in smart agricultural systems.,Energy,0.73,redis_cache,2025-04-04 13:54:24
We analyze the ethical implications of deepfake technology in political campaigns and propose a regulatory framework for digital authenticity.,Robotics,0.94,redis_cache,2025-04-04 13:54:24
A comparative analysis of machine learning models for predicting stock price volatility based on macroeconomic indicators is conducted.,Finance,0.92,redis_cache,2025-04-04 13:54:24
这是测试文本,Environment,0.86,model_inference,2025-04-04 14:31:45
We propose a hybrid neural network model that integrates LSTM and Transformer blocks to improve long-range language modeling performance on academic corpora.,Healthcare,0.99,redis_cache,2025-04-04 14:34:40
"This study explores the effects of climate change on marine biodiversity, with a focus on coral bleaching events in the Pacific Ocean.",Blockchain,0.92,redis_cache,2025-04-04 14:34:40
"Our experiment applies CRISPR-Cas9 to engineer drought-resistant rice strains, analyzing yield improvement under controlled environmental conditions.",Healthcare,0.77,redis_cache,2025-04-04 14:34:40
This paper presents a blockchain-based framework to enhance data security in supply chain logistics across international borders.,Energy,0.98,redis_cache,2025-04-04 14:34:40
A novel unsupervised clustering technique is introduced to detect financial fraud using transactional metadata and temporal behavior features.,Education,0.82,redis_cache,2025-04-04 14:34:40
We investigate the relationship between adolescent mental health and social media usage using a longitudinal survey across three countries.,Energy,0.89,redis_cache,2025-04-04 14:34:40
This research introduces an AI-powered diagnostic assistant for early detection of Alzheimer's disease using speech analysis and memory tests.,Finance,0.91,redis_cache,2025-04-04 14:34:40
The paper studies energy-efficient routing protocols in wireless sensor networks deployed in smart agricultural systems.,Energy,0.73,redis_cache,2025-04-04 14:34:40
We analyze the ethical implications of deepfake technology in political campaigns and propose a regulatory framework for digital authenticity.,Robotics,0.94,redis_cache,2025-04-04 14:34:40
A comparative analysis of machine learning models for predicting stock price volatility based on macroeconomic indicators is conducted.,Finance,0.92,redis_cache,2025-04-04 14:34:40
We propose a hybrid neural network model that integrates LSTM and Transformer blocks to improve long-range language modeling performance on academic corpora.,Healthcare,0.99,redis_cache,2025-04-04 14:35:45
"This study explores the effects of climate change on marine biodiversity, with a focus on coral bleaching events in the Pacific Ocean.",Blockchain,0.92,redis_cache,2025-04-04 14:35:45
"Our experiment applies CRISPR-Cas9 to engineer drought-resistant rice strains, analyzing yield improvement under controlled environmental conditions.",Healthcare,0.77,redis_cache,2025-04-04 14:35:45
This paper presents a blockchain-based framework to enhance data security in supply chain logistics across international borders.,Energy,0.98,redis_cache,2025-04-04 14:35:45
A novel unsupervised clustering technique is introduced to detect financial fraud using transactional metadata and temporal behavior features.,Education,0.82,redis_cache,2025-04-04 14:35:45
We investigate the relationship between adolescent mental health and social media usage using a longitudinal survey across three countries.,Energy,0.89,redis_cache,2025-04-04 14:35:45
This research introduces an AI-powered diagnostic assistant for early detection of Alzheimer's disease using speech analysis and memory tests.,Finance,0.91,redis_cache,2025-04-04 14:35:45
The paper studies energy-efficient routing protocols in wireless sensor networks deployed in smart agricultural systems.,Energy,0.73,redis_cache,2025-04-04 14:35:45
We analyze the ethical implications of deepfake technology in political campaigns and propose a regulatory framework for digital authenticity.,Robotics,0.94,redis_cache,2025-04-04 14:35:45
A comparative analysis of machine learning models for predicting stock price volatility based on macroeconomic indicators is conducted.,Finance,0.92,redis_cache,2025-04-04 14:35:45
